"";"Year";"Month";"region";"Period";"Temperature_C";"Rain_mm";"Sunshine_h";"Humidity";"Congestion";"InternetStability";"PowerGridStability";"ParkingSpaceAvailability";"RoadCondition";"PoliticalStability";"AvgHealth";"Criminality";"AirPollution";"WaterQuality";"leisureAndSocialInteractions";"SkilledLaborAvailability";"UnskilledLaborAvailability";"WorkerMotivation";"Overtime";"Inflation";"BusinessConfidence";"FuelPrice"
"1";2016;1;"Shangh";"2016/1";9,996;96,165;139,985;84,382;55,03;321;1,41;0,0171721025634776;6,66;2,64;77,78;34,87;68,68;0,86;6,87;53,44;35,78;7,31;0,356;0,00115012;101,0307;2,518
"2";2016;1;"Peking";"2016/1";-5,187;56,695;21,88;85,501;28,56;1920;1,31;0,057307402777496;3,33;1,66;82,18;18,32;14,38;0,94;6,59;34,26;60,53;6,4;0,045;-0,00093376;99,2078;2,486
"3";2016;1;"Japan";"2016/1";0,963;42,932;47,29;76,931;51,72;1831;0,25;0,0320574447805226;6,3;2,45;78,65;30,91;217,15;0,93;6,8;49,37;43,2;6,53;0,062;0,00107505;101,1451;2,431
"4";2016;1;"Skorea";"2016/1";-8,925;37,427;42,434;82,278;52,03;68;3,33;0,033349534831484;2,52;5,38;53,41;48,86;53,97;0,68;6,99;72,84;54,3;6,91;0,117;0,01329192;101,7297;2,381
"5";2016;1;"Phlppn";"2016/1";10,444;101,032;175,08;78,784;54,34;596;3,18;0,0256515600347724;3,26;1,91;80,16;18,33;71,2;0,75;7,31;48,73;58,03;6,39;0,111;0,00075964;100,6622;2,179
"6";2016;2;"Shangh";"2016/2";8,293;93,324;147,189;72,804;62,45;307;1,65;0,0165491146079264;5,85;2,89;75,53;34,39;70,51;0,94;6,39;52,2;35,33;7,32;0,215;0,00115856;101,0695;2,609
"7";2016;2;"Peking";"2016/2";-0,462;51,299;66,924;75,117;27,85;1937;2,14;0,0572354085361726;3,06;1,77;83,35;19,8;12,96;0,98;7,67;34,2;59,34;6,44;0;-0,00093421;99,1895;2,392
"8";2016;2;"Japan";"2016/2";-0,473;38,274;70,815;82,57;51,4;2058;0,26;0,0317546148235302;6,03;2,64;78,4;29,44;248,26;0,89;6,26;49,48;43,52;6,2;0;0,00112098;101,1342;2,396
"9";2016;2;"Skorea";"2016/2";-3,356;41,98;61,231;90,2;47,64;61;3,04;0,0339912418839869;2,2;5,52;52,61;47,04;57,83;0,76;6,73;73,41;54,85;6,89;0;0,01327649;101,8178;2,35
"10";2016;2;"Phlppn";"2016/2";12,294;54,421;180,849;78,248;53,67;657;2,82;0,0222178305827002;2,83;1,97;78,78;19,45;62,59;0,74;6,82;49,42;58,23;6,86;0,246;0,00078489;100,6812;2,35
"11";2016;3;"Shangh";"2016/3";8,386;54,245;227,122;67,438;61,49;335;1,19;0,0171822374363595;6,8;3,13;75,76;34,27;61,38;0,92;6,39;53,21;36,2;7,72;0,109;0,00127473;101,1652;2,379
"12";2016;3;"Peking";"2016/3";-2,697;58,658;127,841;70,397;28,6;1909;1,76;0,0540757857362398;3,43;1,79;84,54;19,79;12,9;0,98;6,95;35,11;59,01;6,68;0,099;-0,00092654;99,2216;2,456
"13";2016;3;"Japan";"2016/3";7,202;42,554;116,764;69,193;50,25;1771;0,2;0,0322001077621286;6,28;2,55;77,84;29,14;221,24;0,93;6,67;50,4;43,61;6,59;0,033;0,00116995;101,1276;2,299
"14";2016;3;"Skorea";"2016/3";5,566;38,657;110,798;78,675;47,87;58;2,46;0,0348807318983166;2,41;5,44;51,4;46,83;48,53;0,73;7,6;74,47;53,27;7,34;0,074;0,01327627;101,804;2,506
"15";2016;3;"Phlppn";"2016/3";13,731;33,451;225,425;83,046;63,19;745;2,94;0,0229391324608048;3,9;1,89;78,99;18,5;60,57;0,69;6,05;49,2;57,76;7,11;0,045;0,00072928;100,7226;2,308
"16";2016;4;"Shangh";"2016/4";13,211;53,419;264,826;73,129;43,19;374;1,5;0,0168016965840857;5,52;2,94;74,3;33,87;60,87;0,85;5,94;53,33;36,3;7,76;0,253;0,00126401;101,0525;2,402
"17";2016;4;"Peking";"2016/4";3,489;47,944;151,348;82,288;24,93;2174;1,87;0,0591940523027829;4;1,73;84,31;18,71;14,5;0,94;6,53;35,25;58,1;6,13;0,177;-0,00092628;99,281;2,405
"18";2016;4;"Japan";"2016/4";4,181;39,238;153,108;60,349;49,1;1465;0,24;0,0330580835402262;6,1;3,03;76,66;28,53;216,44;0,93;6,93;49,72;44,4;6,49;0,244;0,00114597;101,0776;2,398
"19";2016;4;"Skorea";"2016/4";6,823;43,944;161,311;67,461;46,19;60;3,07;0,032762527485902;2,14;5,59;50,77;47,62;61,89;0,8;6,85;74,54;54,16;7,49;0,05;0,01332613;101,735;2,617
"20";2016;4;"Phlppn";"2016/4";13,182;26,58;254,371;70,615;70,97;601;2,62;0,0230277803039763;2,75;1,5;78,3;19,11;68,55;0,6;6,23;49,57;57,88;7,68;0;0,00073791;100,509;2,406
"21";2016;5;"Shangh";"2016/5";18,387;49,936;260,645;59,724;55,56;318;1,53;0,0183347198767804;5,82;3,08;74,41;34,04;64,06;0,8;6,32;54,29;35,75;7,73;0,049;0,00126088;101,062;2,427
"22";2016;5;"Peking";"2016/5";14,559;54,901;204,429;74,441;20,74;2060;1,79;0,0570587163248527;3,15;1,97;85,28;19,67;12,17;0,97;7,49;34,92;58,9;6,59;0,09;-0,00093702;99,2466;2,451
"23";2016;5;"Japan";"2016/5";14,131;50,321;231,032;59,618;46,8;2046;0,21;0,0292895885427803;6,47;3,03;75,13;28,87;210,8;0,98;5,62;49,56;45,18;6,15;0,393;0,00106903;100,9276;2,613
"24";2016;5;"Skorea";"2016/5";13,233;61,474;248,538;58,509;55,32;76;2,49;0,03172714348794;2,55;5,86;50,21;45,09;55,1;0,85;6,88;74,25;54,66;7,51;0,136;0,01332444;101,7036;2,589
"25";2016;5;"Phlppn";"2016/5";19,079;7,339;326,196;74,775;63,89;664;2,76;0,0239728776500468;3,52;1,34;76,82;19,19;63,73;0,67;7,25;48,53;57,95;7,97;0,216;0,00082892;100,2706;2,369
"26";2016;6;"Shangh";"2016/6";27,246;18,557;285,842;52,649;44,64;304;1,33;0,0177543743027051;6,8;3,12;74,77;33,99;67,45;0,79;6,52;52,9;36,74;7,53;0,122;0,00125405;101,2942;2,441
"27";2016;6;"Peking";"2016/6";10,115;58,854;188,809;71,962;27,67;2030;1,85;0,0490791674792098;2,98;1,7;86,54;20,56;12,6;0,98;7,8;34,97;58,13;6,61;0,174;-0,00095188;99,3504;2,616
"28";2016;6;"Japan";"2016/6";18,516;71,435;221,549;65,923;42,09;1648;0,22;0,0299306341414355;6,11;2,71;76,5;28,71;263,46;0,86;5,77;48,73;45,69;6,07;0,099;0,00103795;100,8551;2,739
"29";2016;6;"Skorea";"2016/6";20,105;74,065;280,812;65,656;47,15;62;2,71;0,0338874047044707;2,13;5,8;50,93;45,39;54,91;0,74;6,75;72,5;54,57;8,04;0,158;0,01326898;101,8143;2,539
"30";2016;6;"Phlppn";"2016/6";20,376;3,159;353,514;71,621;67,92;771;2,6;0,0225623660669407;3,32;1,26;77,39;19,02;72,29;0,67;6,24;46,02;58,14;8,26;0,021;0,0007484;100,2968;2,424
"31";2016;7;"Shangh";"2016/7";23,143;4,282;348,607;54,898;47,69;280;0,98;0,0174110336486719;6,51;3,19;73,94;33,56;63,1;0,85;6,75;51,79;37,57;7,35;0,256;0,00121051;101,2845;2,533
"32";2016;7;"Peking";"2016/7";11,835;95,311;198,585;85,641;32,4;2132;1,66;0,054816354525194;3,72;1,97;86,7;20,19;12,72;0,88;8,04;35;55,91;6,68;0;-0,00087189;99,3456;2,646
"33";2016;7;"Japan";"2016/7";22,064;52,362;189,24;58,647;48,67;2110;0,25;0,0294317171700895;5,91;2,77;76,1;26,61;210,25;0,97;6,49;49,62;44,9;5,63;0,068;0,00109444;100,8391;2,72
"34";2016;7;"Skorea";"2016/7";21,461;62,322;259,463;68,06;50,69;75;3,1;0,0344967609518769;2,25;5,58;53,29;45,45;53,96;0,79;6,8;73,76;56,31;7,76;0,131;0,01319421;101,8262;2,462
"35";2016;7;"Phlppn";"2016/7";26,753;0;423,893;70,976;70,09;613;2,59;0,0212854691367723;3,12;1,25;77,25;18,38;71,74;0,67;7,1;46,06;59,11;8,09;0,32;0,00073182;100,3473;2,717
"36";2016;8;"Shangh";"2016/8";23,311;5,93;347,667;51,879;62,94;332;1,37;0,017302623653611;6,8;3,39;73,62;33,56;66,64;0,93;7,27;52,34;38,58;6,99;0,301;0,00121807;101,2621;2,433
"37";2016;8;"Peking";"2016/8";12,493;94,957;174,761;76,773;29,75;2192;1,64;0,0571936587237089;2,98;2,25;85;19,28;13,68;0,98;7,15;36,58;53,91;6,66;0;-0,00083485;99,3226;2,614
"38";2016;8;"Japan";"2016/8";21,291;54,323;213,096;60,958;48,23;1609;0,22;0,0298690104837892;5,07;2,72;74,48;26,2;228,17;0,98;5,78;51,43;45,55;5,55;0,177;0,00101048;100,7416;2,661
"39";2016;8;"Skorea";"2016/8";17,821;58,615;229,094;66,671;58,96;65;3,12;0,032012582049062;2,51;5,48;54,85;45,15;55,65;0,74;5,82;73,3;56,99;7,59;0;0,01323803;102,0089;2,501
"40";2016;8;"Phlppn";"2016/8";24,066;6,986;308,414;72,708;65,77;756;2,98;0,0230636352271966;3,51;1,36;76,73;17,78;62,03;0,7;7,25;45,25;59,7;7,58;0,02;0,00076619;100,2269;2,524
"41";2016;9;"Shangh";"2016/9";19,167;24,403;271,123;55,84;57,83;334;1,37;0,0167710793853908;5,1;3,48;73,76;32,58;64,27;0,88;7,06;53,75;38,2;6,66;0,269;0,00125339;101,3081;2,365
"42";2016;9;"Peking";"2016/9";12,147;81,938;114,689;80,903;28,34;1880;1,33;0,0580540923729269;3,59;2,07;84,78;20,04;13,49;0,97;7,5;35,3;51,73;6,21;0;-0,00084796;99,2843;2,624
"43";2016;9;"Japan";"2016/9";12,639;38,638;169,637;64,367;43,84;1892;0,26;0,0281055606075895;6,72;2,6;74,98;25,98;233,17;0,95;7,12;53,16;46,27;5,38;0,034;0,00100356;100,7957;2,643
"44";2016;9;"Skorea";"2016/9";11,541;46,58;191,409;65,462;53,49;66;2,65;0,0341420702473586;2,1;5,43;54,67;43,71;57,74;0,82;7,31;71,51;57,36;7,42;0,117;0,01322141;102,1077;2,421
"45";2016;9;"Phlppn";"2016/9";20,538;33,36;272,529;75,938;71,1;568;3,03;0,0194919145735488;3,26;1,5;76,99;17,59;63,94;0,71;6,26;44,14;60,25;7,83;0;0,00073201;100,2658;2,565
"46";2016;10;"Shangh";"2016/10";18,12;82,684;212,234;67,122;62,36;301;1,25;0,0160264124262061;6,8;3,47;72,52;34,01;64,2;0,88;6,67;54,26;38,43;6,87;0,039;0,00132738;101,3742;2,556
"47";2016;10;"Peking";"2016/10";6,595;79,297;60,099;77,545;29,51;1923;2,04;0,0540050124363003;3,74;1,96;85,69;20,09;14,3;0,95;7,16;34,49;51,22;5,74;0,003;-0,00079482;99,1375;2,698
"48";2016;10;"Japan";"2016/10";12,783;37,459;106,599;74,881;47,67;1843;0,21;0,0311435322870939;5,37;2,41;74,82;24,86;236,69;0,88;6,14;52,17;45,73;5,59;0,159;0,00102262;100,6836;2,617
"49";2016;10;"Skorea";"2016/10";9,229;40,434;120,378;84,655;43,74;67;3,77;0,0358117720300573;2,17;5,43;54,51;42,63;57,91;0,73;6,47;71,99;57,29;7,41;0;0,0132429;102,0135;2,599
"50";2016;10;"Phlppn";"2016/10";18,42;97,63;196,515;75,367;63,35;711;2,65;0,0250174732868201;3,41;1,71;77,53;16,37;71,52;0,7;7,13;42,09;62,9;7,91;0,048;0,00073824;100,3406;2,673
"51";2016;11;"Shangh";"2016/11";15,907;108,073;152,407;75,668;57,16;358;0,9;0,0172243407164319;6,8;3,48;73,07;33,67;59,46;0,87;6,72;55,51;40,48;6,63;0,291;0,00140799;101,3161;2,632
"52";2016;11;"Peking";"2016/11";0,524;80,023;26,111;79,595;26,73;1606;1,58;0,0537267913100895;3,9;1,92;84,92;18,69;13,61;0,98;7,43;34,54;51,33;5,89;0;-0,00072712;98,955;2,72
"53";2016;11;"Japan";"2016/11";4,905;48,561;47,986;77,286;39,89;2007;0,25;0,0274980221796051;6,18;2,3;74,44;24,91;209,72;0,95;6,2;51,97;45,83;5,47;0,046;0,00095997;100,5842;2,671
"54";2016;11;"Skorea";"2016/11";2,956;41,232;55,263;83,042;51,44;61;3,48;0,0326748205828744;2,15;5,44;54,06;43,91;58,68;0,82;7,62;73,33;56,34;7,58;0,151;0,01325552;101,978;2,594
"55";2016;11;"Phlppn";"2016/11";16,77;76,56;200,109;76,611;64,63;699;2,53;0,0224211492945054;3,3;1,67;76,76;16,72;72,1;0,63;5,38;42,01;62,57;7,87;0,339;0,00071238;100,4893;2,659
"56";2016;12;"Shangh";"2016/12";11,545;135,424;123,721;71,972;54,98;260;1,35;0,0170403397987786;6,8;3,27;73,46;33,88;71,33;0,94;7,4;55,51;41,97;6,77;0,369;0,00142926;101,4827;2,655
"57";2016;12;"Peking";"2016/12";0,173;67,922;8,675;81,093;30,96;2117;1,8;0,0514093589761544;3,67;1,89;85,68;19,44;12,02;0,98;7,51;35,54;50,9;5,59;0,175;-0,00079932;98,9214;2,835
"58";2016;12;"Japan";"2016/12";2,798;50,487;34,939;87,309;53,81;1994;0,22;0,0314490538466547;5,78;2,37;73,9;23,67;187,91;0,98;7,01;52,2;44,88;6,11;0,179;0,00088866;100,5054;2,531
"59";2016;12;"Skorea";"2016/12";-2,111;40,651;31,103;84,204;53,28;58;2,82;0,0338196030078959;2,1;5,38;54,01;44,66;47,57;0,8;6,72;71,56;56,46;8,04;0,309;0,01332272;101,982;2,679
"60";2016;12;"Phlppn";"2016/12";12,519;108,984;165,958;79,755;69,52;842;3,3;0,0233095545315354;3,19;1,82;76,95;14,74;66,23;0,7;6,53;40,46;61,35;7,75;0;0,0007659;100,4061;2,678
"61";2017;1;"Shangh";"2017/1";11,774;121,104;154,377;72,204;60,04;333;0,98;0,0183461625910999;5,74;3,05;73,03;35,14;66,51;0,97;5,67;54,92;43,48;6,89;0,213;0,00144435;101,4185;2,727
"62";2017;1;"Peking";"2017/1";-1,373;71,974;23,831;73,78;33,49;2256;1,47;0,0533140854738742;3,65;2,14;85,26;20,33;11,74;0,95;6,95;36,4;49,3;4,97;0;-0,00083874;98,904;2,675
"63";2017;1;"Japan";"2017/1";4,986;42,919;43,567;84,239;44,07;1611;0,22;0,0308131531296146;6,37;2,93;74,1;23,51;203,54;0,92;6,66;52,23;45,48;6,12;0,097;0,00087421;100,419;2,464
"64";2017;1;"Skorea";"2017/1";-4,697;39,501;49,563;82,372;39,34;56;2,85;0,0322280927253249;2,1;5,64;55,26;44,8;51,75;0,74;7,38;72,69;56,22;7,5;0,094;0,01333468;102,0514;2,663
"65";2017;1;"Phlppn";"2017/1";14,73;102,753;165,591;80,443;70,29;632;3;0,0242724830016761;3;1,76;75,44;14,51;74,31;0,64;5,91;42,02;62,71;7,46;0,127;0,0008145;100,5157;2,658
"66";2017;2;"Shangh";"2017/2";7,341;88,396;145,877;77,999;66,73;291;1,17;0,0161118558530758;6,02;3,25;72,53;35,88;68,4;0,88;6,67;54,99;42,86;7,24;0,134;0,00148496;101,4808;2,744
"67";2017;2;"Peking";"2017/2";-2,178;53,224;67,328;74,41;25,28;2265;1,85;0,0550428338222365;3,81;1,73;84,16;19,72;13,99;0,9;7,36;36,48;47,94;4,79;0,035;-0,00079355;98,9952;2,659
"68";2017;2;"Japan";"2017/2";5,212;33,863;73,687;79,36;52,81;1899;0,22;0,0320425625219641;5,41;2,56;75,19;23,64;220,08;0,91;6,65;53,94;45,91;6,14;0,176;0,00083379;100,2396;2,461
"69";2017;2;"Skorea";"2017/2";-1,246;39,498;59,726;86,919;39,97;58;3,45;0,0315345180324972;2,41;5,68;55,32;44,4;58,25;0,73;6,87;72,71;55,63;6,99;0,03;0,01338694;102,1016;2,674
"70";2017;2;"Phlppn";"2017/2";11,671;57,138;179,894;69,177;59,11;682;3,4;0,0229143974427539;3,09;1,94;76,44;13,87;70,74;0,79;6,4;41,63;63,76;8,06;0;0,00085487;100,6037;2,751
"71";2017;3;"Shangh";"2017/3";14,685;51,867;220,978;72,269;65,02;311;1,6;0,016338077182222;6,19;3,5;71,83;37,94;60,3;0,94;6,58;56,14;42,49;6,81;0,189;0,00148368;101,5217;2,556
"72";2017;3;"Peking";"2017/3";-0,305;44,435;119,892;76,689;23,28;1989;1,84;0,050038681264167;3,88;1,62;85,39;19,58;14,86;0,97;7,22;36,06;49,16;4,43;0,004;-0,00081549;99,0553;2,591
"73";2017;3;"Japan";"2017/3";2,752;45,072;118,597;65,417;42,17;2063;0,2;0,031532630824261;5,48;2,5;76,59;22,03;211,64;0,84;6,12;53,35;46,72;6,28;0,033;0,00090935;100,2561;2,359
"74";2017;3;"Skorea";"2017/3";-1,898;28,733;97,035;76,216;48,18;67;3,23;0,0310343694299434;2,1;5,35;55,61;43,88;50,38;0,74;7,14;71,56;54,36;6,81;0,196;0,01331403;102,0708;2,583
"75";2017;3;"Phlppn";"2017/3";12,018;37,248;222,568;82,158;73,48;718;2,8;0,0204634487191879;3;1,84;75,92;14,34;64,76;0,66;6,71;40,88;64,57;8,38;0,077;0,00086293;100,5526;2,796
"76";2017;4;"Shangh";"2017/4";16,154;62,144;229,43;67,858;41,25;297;1,33;0,0176602822047137;6,43;3,5;71,76;37,5;65,76;0,77;6,65;54,52;42,36;6,25;0,252;0,00142771;101,5719;2,623
"77";2017;4;"Peking";"2017/4";4,958;44,625;159,502;76,357;30,38;2122;2,05;0,0555091980569921;4,05;1,62;85,26;19,93;14,92;0,98;7,66;33,96;48,71;5,47;0;-0,00080001;99,0341;2,567
"78";2017;4;"Japan";"2017/4";8,82;37,982;152,828;59,389;44,91;1978;0,22;0,0333314161682547;6,37;2,48;77,4;21,16;221,84;0,78;6,28;52,97;49,54;6,48;0,173;0,00093742;100,2009;2,419
"79";2017;4;"Skorea";"2017/4";10,434;46,065;177,788;70,467;46,95;68;3,37;0,0350683974161714;2,1;5,27;53,93;43,08;49,22;0,81;6,51;73,84;54,53;6,84;0;0,01321617;102,0676;2,543
"80";2017;4;"Phlppn";"2017/4";21,519;25,676;242,575;81,607;56,35;617;1,74;0,0246108638489076;3,14;1,77;73,89;12,71;65,14;0,74;6,52;38,71;65,69;8,32;0;0,00093223;100,5877;2,745
"81";2017;5;"Shangh";"2017/5";12,872;56,288;314,477;56,064;63,21;302;1,39;0,0171185866814683;6,31;3,89;72,09;38,31;59,5;0,89;6,75;54,05;42,42;6,11;0,273;0,0014459;101,4505;2,49
"82";2017;5;"Peking";"2017/5";8,522;51,935;194,509;77,847;28,96;2047;1,62;0,0566995973980792;2,84;1,61;85,48;20,04;15,94;0,98;7,41;34,52;48,79;5,27;0,272;-0,0007888;99,1281;2,488
"83";2017;5;"Japan";"2017/5";14,404;44,611;215,741;61,334;45,42;1702;0,23;0,0300427546628997;5,94;2,74;77,52;21,56;219,87;0,92;6,63;52,36;48,88;6,96;0,145;0,00100457;100,1227;2,549
"84";2017;5;"Skorea";"2017/5";10,848;52,08;279,873;60,619;45,7;55;3,43;0,0354440344556578;2,54;5,05;52,96;42,83;57,7;0,71;6,86;73,82;52,62;6,94;0,094;0,01323624;102,0924;2,462
"85";2017;5;"Phlppn";"2017/5";13,707;9,233;315,009;83,615;59,91;727;2,3;0,0217330796873383;3,24;1,69;74,3;14,02;64,39;0,7;6,92;39,91;66,04;8,25;0;0,00100621;100,4892;2,545
"86";2017;6;"Shangh";"2017/6";23,328;14,662;296,239;55,073;57,6;318;1,19;0,0177796814727285;6,8;3,97;73,26;39,27;59,2;0,88;6,07;54,51;44,62;6,53;0,312;0,00145518;101,4855;2,347
"87";2017;6;"Peking";"2017/6";9,527;72,214;202,247;77,713;27,6;2019;1,63;0,0552058902193816;3,7;1,72;85,53;20,43;14,63;0,98;7,4;33,91;48,07;5,32;0;-0,00077351;98,9676;2,426
"88";2017;6;"Japan";"2017/6";18,251;76,036;228,164;60,121;40,25;1587;0,27;0,0337056539845019;5,82;2,68;77,71;20,45;203,17;0,88;6,18;51,96;48,9;6,74;0;0,0009902;100,2834;2,365
"89";2017;6;"Skorea";"2017/6";15,491;86,308;273,543;61,563;46,61;66;2,78;0,0334817258795405;2,7;5;53,45;43,93;60,36;0,79;6,66;72,07;52,98;7,75;0;0,01315316;101,9389;2,425
"90";2017;6;"Phlppn";"2017/6";25,066;2,66;347,454;80,297;76,63;639;2,95;0,0227468296359003;2,64;1,25;75,44;14,46;61,18;0,62;6,88;38,59;64,88;8,11;0;0,00106681;100,5508;2,467
"91";2017;7;"Shangh";"2017/7";25,471;3,796;346,162;53,22;53,3;327;1,51;0,0177038928917442;6,04;3,92;73,06;40,23;69,35;0,93;5,83;54,93;44,3;5,95;0,104;0,00141446;101,2472;2,498
"92";2017;7;"Peking";"2017/7";14,827;105,473;170,128;81,125;24,46;1991;1,62;0,049485937909141;3,15;1,32;84,08;21,41;11,83;0,93;7,84;34,17;47,51;5,37;0,013;-0,00078067;98,9741;2,192
"93";2017;7;"Japan";"2017/7";19,139;62,09;230,371;66,142;43,01;1771;0,21;0,0271824292250309;6,48;2,83;75,83;20,51;229,34;0,88;6,46;52,42;49,55;7,17;0,037;0,00104819;100,1073;2,538
"94";2017;7;"Skorea";"2017/7";25,359;72,596;257,08;59,986;47,57;61;3,05;0,0350189687402421;2,3;4,62;55,11;43,15;54,75;0,76;6,71;72,8;52,02;7,76;0;0,01312282;101,8923;2,286
"95";2017;7;"Phlppn";"2017/7";30,33;0;383,965;72,799;67,33;569;2,97;0,0242252123288148;2,87;1,31;76,21;12,5;69,54;0,7;6,11;37,2;64,37;8,01;0,001;0,00100346;100,5258;2,515
"96";2017;8;"Shangh";"2017/8";22,992;6,495;340,431;52,137;63,47;320;1,16;0,0162445001416802;5,96;3,64;73,23;40,61;68,26;0,94;6,2;55,99;45,1;6,13;0,19;0,001415;101,3349;2,442
"97";2017;8;"Peking";"2017/8";13,568;82,959;174,604;76,931;24,84;2217;1,74;0,0493304146168987;3,9;1,67;83,95;20,27;15,39;0,84;7,77;33,24;46,53;5,5;0,058;-0,000805;99,0969;2,143
"98";2017;8;"Japan";"2017/8";18,241;64,9;208,457;57,931;48,5;2065;0,17;0,0313050286508147;5,75;3,03;76,64;21,84;211,2;0,89;5,66;51,53;48,31;6,97;0,04;0,00106598;100,1455;2,411
"99";2017;8;"Skorea";"2017/8";18,799;60,043;263,915;65,839;53,96;66;3,4;0,0345561819698961;2,32;4,33;56,17;42,54;54;0,8;6,77;71,65;51,8;7,55;0;0,01315839;101,8866;2,266
"100";2017;8;"Phlppn";"2017/8";24,451;6,377;332,241;72,747;65,43;887;3,26;0,0221173148645841;3,27;1,25;75,83;11,09;64,2;0,67;6,37;39,25;65,72;8,29;0,171;0,00099107;100,5467;2,39
"101";2017;9;"Shangh";"2017/9";20,96;27,289;291,544;61,675;62,48;302;1,32;0,0176233708322652;6,2;3,75;73,57;40,78;65,7;0,91;6,74;56,58;44,28;6,04;0,107;0,00140107;101,2439;2,428
"102";2017;9;"Peking";"2017/9";8,076;79,977;100,784;81,32;26,61;2221;1,88;0,0490521092742775;3,84;1,74;83,32;20,33;14,23;0,97;7,04;35,5;47,52;5,47;0,218;-0,00076959;99,1749;2,307
"103";2017;9;"Japan";"2017/9";16,988;45,468;157,72;66,281;46,11;1757;0,23;0,0319957040619214;5,99;2,97;75,44;23,03;239,89;0,91;6,64;52,55;47,91;7,01;0,078;0,00101544;100,1243;2,361
"104";2017;9;"Skorea";"2017/9";16,933;52,149;182,296;67,202;53,5;61;3,36;0,0351857293279307;2,44;4,25;56,37;43,83;52,79;0,73;7,31;72,66;53,62;7,85;0,043;0,01315202;101,8387;2,286
"105";2017;9;"Phlppn";"2017/9";25,359;43,358;282,189;69,96;58,08;575;2,73;0,0224935571370265;3,17;1,41;77,55;10,57;65,95;0,68;7,01;38,9;66,04;8,06;0,027;0,00098104;100,568;2,287
"106";2017;10;"Shangh";"2017/10";19,462;78,408;238,997;62,746;67,82;333;1,41;0,017221296026622;6,8;4,01;74,2;40,1;65,38;0,87;6,08;56,23;43,65;6,06;0,201;0,00133433;101,1794;2,235
"107";2017;10;"Peking";"2017/10";3,752;72,382;69,066;85,822;21,19;1617;1,63;0,0526877662588056;3,97;1,72;81,32;21,08;12,56;0,98;7,59;35,74;46,84;5,74;0,008;-0,00080989;99,2797;2,368
"108";2017;10;"Japan";"2017/10";10,893;24,129;91,627;65,801;39,41;1707;0,2;0,0327733972206232;5,84;2,93;75,89;22,59;226,45;0,98;6,65;52,71;47,79;6,91;0;0,00094883;100,076;2,257
"109";2017;10;"Skorea";"2017/10";8,563;44,142;106,995;87,008;58,98;65;2,46;0,0310998152664578;2,46;4,03;57,01;44,62;57,15;0,73;6,95;71,61;54,96;7,43;0,011;0,01312896;101,883;2,305
"110";2017;10;"Phlppn";"2017/10";22,865;92,269;230,307;85,274;53,13;627;2,65;0,0235767851870394;3,63;1,74;77,27;11,78;75,04;0,66;6,47;38,55;64,51;7,49;0,179;0,00091517;100,6039;2,268
"111";2017;11;"Shangh";"2017/11";12,789;109,662;161,134;70,942;60,32;330;1,23;0,0167215470274753;5,71;3,7;74,92;41,2;69,86;0,93;6,42;56,21;43,02;5,97;0,096;0,00139635;101,2878;2,124
"112";2017;11;"Peking";"2017/11";1,319;68,604;28,274;78,664;31,99;1852;1,61;0,0542170247871593;2,97;1,8;82,39;20,26;13,74;0,98;7,05;35,29;47,75;6,03;0,008;-0,00080459;99,1949;2,334
"113";2017;11;"Japan";"2017/11";7,003;47,883;48,764;76,915;43,1;1780;0,25;0,0311971272784026;6,29;2,74;75,85;21,69;238,21;0,85;7,09;53,37;48,84;7,08;0,162;0,00097577;100,0014;2,368
"114";2017;11;"Skorea";"2017/11";0,268;51,315;52,763;84,66;45,35;72;3,33;0,0340103187456459;2,42;4;57,05;43,94;60,54;0,72;6,55;73,57;53,89;7,01;0,157;0,01314038;101,8646;2,311
"115";2017;11;"Phlppn";"2017/11";16,261;80,342;206,995;69,336;78,77;678;2,12;0,020760136793155;3,54;1,44;76,27;11,76;63,04;0,68;6,04;39,03;64,07;7,64;0,162;0,00098455;100,5708;2,455
"116";2017;12;"Shangh";"2017/12";10,958;133,006;144,138;79,347;62,76;315;1,28;0,0178137894477857;5,64;3,5;74,96;40,99;68,87;0,88;6,32;57,83;43,47;6,18;0,091;0,00148636;101,1445;2,221
"117";2017;12;"Peking";"2017/12";1,649;87,805;8,303;76,449;28,93;2069;1,67;0,0521527509999043;3,62;1,41;81,15;19,75;12,71;0,89;7,54;35,24;47,59;5,66;0;-0,00088629;99,3319;2,412
"118";2017;12;"Japan";"2017/12";2,755;59,369;39,549;81,966;41;1716;0,2;0,0314200498687917;6,71;2,42;75,97;21,39;218,18;0,98;6,44;51,58;48,15;7,06;0,022;0,0009655;100,0132;2,442
"119";2017;12;"Skorea";"2017/12";-1,735;47,477;33,089;98,512;52,95;67;3,39;0,0356112406505591;2,1;4,14;58,49;41,96;52,58;0,73;6,31;74,76;54,68;6,43;0,071;0,0131622;102,1339;2,416
"120";2017;12;"Phlppn";"2017/12";12,133;110,72;169,667;75,729;67,65;744;2,6;0,0213991209863392;2,85;1,51;75,08;12,34;74,03;0,7;6,49;40,02;65,19;7,96;0,084;0,00093694;100,5776;2,506
"121";2018;1;"Shangh";"2018/1";13,909;92,696;119,161;81,186;58,07;257;1,34;0,0164871470820301;6,8;3,66;75,08;40,27;70,91;0,95;6,49;59,08;41,83;5,99;0,251;0,00139807;101,174;2,321
"122";2018;1;"Peking";"2018/1";1,004;63,972;22,767;78,904;23,49;2072;1,94;0,0492209285726805;3,92;1,38;80,95;19,49;13,1;0,98;6,83;34,61;46,21;5,73;0,186;-0,00094871;99,3032;2,429
"123";2018;1;"Japan";"2018/1";1,61;38,28;47,88;86,441;49,51;1307;0,25;0,0339927700249202;6,07;2,4;75,75;23,25;213,87;0,94;6,58;52,44;48,01;7,31;0,079;0,00096744;100,0693;2,422
"124";2018;1;"Skorea";"2018/1";-3,027;36,479;42,115;82,942;53,29;65;3,14;0,0325700070898545;2,49;4,09;58,35;41,33;53,18;0,72;7,07;75,79;56,26;6,47;0,045;0,0131547;102,1358;2,288
"125";2018;1;"Phlppn";"2018/1";10,747;92,883;182,344;75,128;62,42;647;3,17;0,0209775857153897;3,4;1,48;75,45;12,52;58;0,69;6,14;40,31;63,73;7,52;0,029;0,00096582;100,5851;2,193
"126";2018;2;"Shangh";"2018/2";16,529;74,067;145,406;80,215;50,16;316;1,04;0,0167055297675062;6,64;3,59;75,14;40,75;66,37;0,98;6,49;58,9;40,99;6,02;0;0,00134289;101,2192;2,156
"127";2018;2;"Peking";"2018/2";-1,935;41,603;61,35;76,354;28,72;1848;1,44;0,0542381785428133;3,84;1,34;80,29;19,52;13,96;0,98;7,46;35,59;46,63;5,11;0,149;-0,00100022;99,4274;2,324
"128";2018;2;"Japan";"2018/2";3,024;36,815;85,706;71,092;52,82;1798;0,21;0,0304788184318905;6,25;2,22;74,63;22,34;209,9;0,98;7,07;52,89;46,13;7,51;0,033;0,00097718;99,9397;2,435
"129";2018;2;"Skorea";"2018/2";-2,845;40,802;70,328;74,429;59,99;72;3,48;0,0306926267154502;2,11;4,11;57,08;41,54;54,26;0,78;6,49;75,23;55,83;6,45;0,11;0,01322571;102,211;2,205
"130";2018;2;"Phlppn";"2018/2";9,261;60,528;178,392;81,231;57,51;691;3,17;0,0232250516322198;4,09;1,57;76,63;14,96;71,36;0,62;6,97;40,36;62,73;7,12;0;0,00098901;100,5667;2,245
"131";2018;3;"Shangh";"2018/3";12,035;45,941;201,744;74,183;67,97;270;1,21;0,0177274540963403;6,8;3,41;73,77;41,78;76,15;0,95;6,24;58,85;41,95;6,28;0,209;0,00136501;101,2062;2,359
"132";2018;3;"Peking";"2018/3";5,62;52,427;108,009;79,498;24,81;2072;1,56;0,056693689301551;4,06;1,73;79,59;18,58;12,34;0,88;7,23;35,63;44,98;5,18;0;-0,00102991;99,583;2,316
"133";2018;3;"Japan";"2018/3";1,52;42,671;121,43;73,424;51,88;1671;0,21;0,0287101628193339;5,88;2,43;74,89;23,71;232,1;0,98;7,21;52,2;45,35;7,01;0;0,00106083;99,8677;2,427
"134";2018;3;"Skorea";"2018/3";-0,813;34,923;115,356;80,97;62,69;63;2,73;0,0350336659823159;2,7;3,93;56,66;42,08;55,33;0,78;7,2;73,98;54,72;6,66;0;0,01313158;102,2379;2,4
"135";2018;3;"Phlppn";"2018/3";15,977;46,011;218,211;78,046;61,48;782;2,24;0,0228608992508482;3,03;1,75;76,63;16,24;75,67;0,63;8,02;38,45;63,78;7,19;0,148;0,00094826;100,7132;2,419
"136";2018;4;"Shangh";"2018/4";14,079;55,815;236,521;73,572;54,18;372;1,13;0,0176785893803867;6,8;3,46;73,21;42,05;66,64;0,91;6,33;59,93;42,16;6,56;0,312;0,00138036;101,0137;2,273
"137";2018;4;"Peking";"2018/4";3,975;49,917;182,112;83,585;28,84;2221;1,64;0,0587850180085868;3,6;2;80,55;18,28;13,67;0,9;7,75;35,22;45,3;5,17;0;-0,00106698;99,6349;2,329
"138";2018;4;"Japan";"2018/4";7,252;37,488;173,222;60,58;46,39;1973;0,23;0,0305371780798062;4,85;2,37;76,05;25,64;224,71;0,94;6,55;52,16;44,21;7,29;0,21;0,00107866;99,7881;2,318
"139";2018;4;"Skorea";"2018/4";8,989;45,518;164,948;68,277;39,47;61;3,29;0,0345792951569119;2,5;4,12;57,26;43,06;54,48;0,83;7,02;74,3;55,34;6,32;0,109;0,01305657;102,2505;2,333
"140";2018;4;"Phlppn";"2018/4";18,865;22,6;239,984;73,051;81,76;604;2,37;0,0232978301078518;3,48;1,84;75,6;16,61;79,1;0,7;6,27;37,7;62,84;7,02;0,051;0,00085829;100,8782;2,388
"141";2018;5;"Shangh";"2018/5";16,132;51,141;285,556;61,239;61,47;251;1,18;0,0160880853499681;5,45;3,37;73,98;42,05;63,88;0,81;6,26;58,26;43,35;6,06;0,156;0,00141771;101,0603;2,306
"142";2018;5;"Peking";"2018/5";7,788;64,02;239,914;72,933;31,04;2034;1,78;0,0531121177626202;3,34;1,97;79,66;17,63;13,59;0,98;6,74;34,41;46,96;5,19;0;-0,0010905;99,6132;2,174
"143";2018;5;"Japan";"2018/5";15,04;47,41;184,956;55,207;51,96;2043;0,27;0,0325274895975343;6,13;2,16;75,47;26,08;219,52;0,89;6,78;52,6;44,37;7,62;0,201;0,00113254;99,8863;2,338
"144";2018;5;"Skorea";"2018/5";14,539;53,418;269,217;65,249;54,44;67;3,65;0,0364233953851015;2,36;4,06;57,62;42,85;57,17;0,75;6,97;75,81;55,13;6,66;0;0,01315204;102,1166;2,219
"145";2018;5;"Phlppn";"2018/5";18,414;7,675;311,302;71,672;63,12;692;1,95;0,0232478485509661;2,97;1,85;77,04;16,37;66,35;0,76;6,23;37,65;62,81;6,93;0,209;0,00086744;100,8944;2,281
"146";2018;6;"Shangh";"2018/6";21,481;15,372;266,213;55,573;64,77;332;1,41;0,0162447897747837;6,22;3,33;75,08;40,25;64,31;0,8;6,56;57,15;42,06;6,07;0,264;0,00149251;100,995;2,29
"147";2018;6;"Peking";"2018/6";11,654;74,444;177,734;75,687;28,76;2220;1,08;0,054622105563035;3,47;1,65;81,49;17,76;14;0,96;7,78;32,13;47,56;4,79;0;-0,00107617;99,5714;2,234
"148";2018;6;"Japan";"2018/6";19,234;68,363;220,855;55,346;54,77;1875;0,19;0,0321673435891127;6,16;2,43;75,94;24,85;222,1;0,98;6,57;52,48;44,92;8,02;0,069;0,00103985;99,7899;2,285
"149";2018;6;"Skorea";"2018/6";19,865;95,122;250,35;71,322;46,87;63;2,9;0,034895069428898;2,21;3,79;57,06;40,93;58,16;0,79;7,05;73,82;56,89;6,73;0;0,01315215;102,2174;2,24
"150";2018;6;"Phlppn";"2018/6";21,437;2,61;330,85;75,407;76,85;656;2,33;0,0223270391491364;3,5;1,93;77,48;17,28;59,48;0,65;7,1;37,93;63,25;7,18;0,157;0,00083004;100,7148;2,301
"151";2018;7;"Shangh";"2018/7";27,824;4,718;339,442;49,847;58,87;359;1,23;0,0150483404307177;6,68;3,03;73,8;38,39;61,92;0,79;6,26;56,85;41,39;6,2;0,091;0,00139324;100,8983;2,196
"152";2018;7;"Peking";"2018/7";15,748;120,857;173,951;80,136;21,99;1908;1,35;0,0525909965662159;3,86;1,61;81,25;18,22;14,97;0,98;7,08;32,44;45,93;5,29;0;-0,00111193;99,343;2,164
"153";2018;7;"Japan";"2018/7";19,901;63,02;209,57;63,384;50,91;1806;0,26;0,0300365282774881;6,38;2,58;76,42;24,68;212,09;0,91;6,41;52,52;45,82;7,22;0,069;0,00097272;99,8756;2,242
"154";2018;7;"Skorea";"2018/7";23,492;76,209;300,896;65,387;52,64;64;2,66;0,0355291169652042;2,32;3,85;57,86;39,52;63,04;0,74;6,6;74,15;58,47;6,53;0;0,01316732;102,3826;2,237
"155";2018;7;"Phlppn";"2018/7";27,226;0;357,46;71,886;72,6;621;2,28;0,0239090884369931;3,48;1,91;76,28;18,16;70,63;0,67;6,65;36,82;62,58;7,28;0,032;0,0008271;100,8951;2,362
"156";2018;8;"Shangh";"2018/8";22,273;5,892;323,588;49,879;42,64;314;1,47;0,0172299900003195;6,77;3,31;74,75;38,47;54,52;0,94;6,93;58,87;40,11;6,05;0,292;0,00136951;100,9229;2,144
"157";2018;8;"Peking";"2018/8";16,79;95,327;174,813;82,456;24,61;1681;2,2;0,0512894549063998;4,41;1,29;80,25;17,16;13,69;0,98;6,94;31,66;45,98;5,24;0;-0,00110652;99,3061;2,315
"158";2018;8;"Japan";"2018/8";17,049;52,182;203,505;63,534;54,7;1371;0,22;0,0318729035265115;6,35;2,69;76,92;25,39;229,81;0,98;7,01;52,15;44,71;6,54;0;0,00095965;99,9181;2,084
"159";2018;8;"Skorea";"2018/8";16,536;50,814;253,937;70,743;47,1;68;2,7;0,0327089879149264;2,54;4,06;55,82;39,33;57,33;0,8;6,66;74,92;60,11;6,54;0,004;0,01309589;102,2023;2,149
"160";2018;8;"Phlppn";"2018/8";21,901;8,259;359,659;68,832;63,67;707;2,52;0,0217579166512917;3,44;1,81;77,74;16,8;68,4;0,65;6,58;37,92;62,54;7,7;0,131;0,00077156;100,9735;2,177
"161";2018;9;"Shangh";"2018/9";24,763;25,477;266,437;60,705;58,88;311;1,49;0,0161478999947375;5,75;2,87;73,85;39;58,69;0,9;6,46;60,66;39,83;6,06;0,318;0,00130362;101,0609;2,153
"162";2018;9;"Peking";"2018/9";10,416;88,548;113,2;89,875;21,72;1803;1,84;0,0495934423468378;2,94;1,26;79,21;17,03;15,77;0,98;6,74;32,48;45,41;5,31;0,009;-0,00112112;99,0563;2,19
"163";2018;9;"Japan";"2018/9";11,54;51,939;150,093;66,359;44,33;1740;0,25;0,0323368020643869;6,8;3,04;76,4;26,6;238,38;0,88;7,19;52,3;45,3;6,43;0,104;0,00091971;99,8374;2,059
"164";2018;9;"Skorea";"2018/9";15,323;59,914;167,92;65,647;37,91;71;3,26;0,0348599445323414;2,1;3,76;55,8;40,3;53,26;0,79;6,59;75,99;60,26;7,18;0;0,01301818;102,154;2,232
"165";2018;9;"Phlppn";"2018/9";22,491;41,306;274,66;78,83;69,33;712;2,84;0,0217231946497524;2,96;2,19;78,72;15,66;60,33;0,84;5,96;40,57;61,49;8,24;0;0,0007485;100,8184;2,123
"166";2018;10;"Shangh";"2018/10";18,705;89,576;233,61;69,968;64;274;1,24;0,0170637144573211;6,72;3,07;73,98;38,19;67,62;0,89;7;61,79;40,49;6,29;0,176;0,00123952;100,8986;2,069
"167";2018;10;"Peking";"2018/10";6,448;77,309;52,537;80,184;24,8;2483;1,38;0,0537330019232204;3,63;1,32;78,45;15,29;14,39;0,98;6,81;32,49;44,28;4,62;0,113;-0,00112877;99,1828;2,128
"168";2018;10;"Japan";"2018/10";12,125;40,403;117,933;66,877;46,01;1784;0,24;0,0311668779685399;5,65;3,04;77,79;26,83;231,32;0,95;6,72;52,79;46,86;6;0,047;0,00098192;99,888;2,308
"169";2018;10;"Skorea";"2018/10";3,1;34,477;123,604;82,646;35,39;70;3,2;0,0359479396585557;2,47;3,72;55,55;39,92;51,95;0,78;6,96;76,43;59,6;7,09;0,002;0,01297302;102,0194;2,081
"170";2018;10;"Phlppn";"2018/10";23,603;86,198;223,567;78,107;67,6;715;3,27;0,0226211410456167;3,36;1,98;78,88;14,15;72,95;0,82;6,73;39,81;63,33;8,16;0,181;0,00073363;100,8215;1,962
"171";2018;11;"Shangh";"2018/11";12,061;108,2;145,615;85,456;50,75;371;1,2;0,0175567797992157;6,8;3,44;74,74;37,33;62,83;0,92;7,16;61,28;41,27;7,01;0,182;0,00127314;100,7039;2,179
"172";2018;11;"Peking";"2018/11";-0,794;78,097;31,282;82,411;33,15;2138;1,82;0,0541078543156661;3,37;1,4;77,47;15,19;11,45;0,97;7,35;31,19;44,13;4,53;0;-0,00113258;99,0556;2,235
"173";2018;11;"Japan";"2018/11";2,362;45,57;52,175;78,56;50,09;2112;0,29;0,0321731547843526;6,06;3,31;78,19;24,82;236,43;0,98;6,53;53,28;46,33;5,77;0,2;0,00101044;100,0065;2,203
"174";2018;11;"Skorea";"2018/11";0,994;48,816;49,541;92,034;52,53;74;3,44;0,0355829100400733;2,53;3,82;54,6;40,75;60,06;0,72;7,22;76,67;59,4;7,23;0,102;0,01292347;101,8843;2,063
"175";2018;11;"Phlppn";"2018/11";16,019;74,463;183,879;78,378;75,91;569;2,41;0,0218786580813078;3,53;1,98;79,86;12,85;61,75;0,63;6,32;39,62;63,75;8,45;0,13;0,00072732;100,9173;2,087
"176";2018;12;"Shangh";"2018/12";7,273;116,574;156,536;75,025;74,92;315;1,31;0,0167038250709525;6,72;3,22;72,85;35,97;63,76;0,77;5,69;60,64;42,77;7,15;0,371;0,00131522;100,7343;2,158
"177";2018;12;"Peking";"2018/12";0,814;84,157;9,632;82,262;27,27;2362;1,72;0,0502788933827376;3,16;1,49;76,1;14,68;13,53;0,98;7,69;29,85;43,36;4,43;0;-0,00116554;98,9567;2,102
"178";2018;12;"Japan";"2018/12";-1,13;59,778;34,839;91,757;41,34;1685;0,23;0,0302045719879347;6,01;3,01;79,09;25,78;229,42;0,94;6,71;52,36;46,28;5,86;0,152;0,00107488;99,8817;2,118
"179";2018;12;"Skorea";"2018/12";-4,974;42,01;31,757;83,222;41,82;58;2,58;0,0310318855085281;2,48;4,05;53,98;40,23;56,14;0,81;6,49;74,69;59,17;6,9;0;0,01297081;101,954;2,129
"180";2018;12;"Phlppn";"2018/12";12,249;126,238;159,352;73,903;49,31;611;2,64;0,0228049918069608;3,49;2,2;79,98;12,28;66,7;0,66;6,13;39,76;64,59;8,08;0,176;0,00072088;100,912;2,114
"181";2019;1;"Shangh";"2019/1";7,244;94,338;151,107;78,358;40,89;299;1,34;0,0168825452923622;4,63;3,4;74,21;36,56;64,51;0,89;6,73;58,2;41,6;7,24;0,127;0,00137391;100,9005;2,109
"182";2019;1;"Peking";"2019/1";-1,131;81,727;21,801;79,454;30,25;2143;1,4;0,0519995555411002;3,56;1,28;75,51;15,32;13,98;0,9;7,46;30,22;44,02;4,72;0;-0,00113682;98,831;2,038
"183";2019;1;"Japan";"2019/1";-1,975;45,683;47,603;81,796;41,77;1848;0,18;0,0326492756148661;4,98;3,14;79,85;24,98;224,14;0,88;6,33;51,52;45,95;5,71;0,297;0,00099766;99,8527;2,01
"184";2019;1;"Skorea";"2019/1";0,048;28,456;41,815;81,798;54,79;66;3,18;0,0343917775377698;2,14;3,55;54,83;40,37;60,88;0,86;6,93;74,88;57,72;7,05;0;0,01291294;102,0041;2,063
"185";2019;1;"Phlppn";"2019/1";10,969;79,732;150,63;80,567;54,83;696;2,9;0,0230977351814255;3,19;2,06;80,75;13,08;66,24;0,7;6,99;39,28;64,95;7,56;0,109;0,00071064;100,8851;2,269
"186";2019;2;"Shangh";"2019/2";11,066;86,446;155,61;80,826;50,15;323;1,73;0,0171181370006973;6,42;3,24;72,98;36,33;65,93;0,94;6,61;57,91;41,6;7,26;0,077;0,00141312;100,9565;2,017
"187";2019;2;"Peking";"2019/2";-1,63;56,938;58,724;79,889;25,3;1887;1,61;0,0525699630562846;3,01;1,4;75,46;16,26;15,32;0,89;7,15;30,58;43,19;4,47;0,055;-0,0011334;98,9441;2,118
"188";2019;2;"Japan";"2019/2";0,441;34,313;63,171;79,921;47,97;1609;0,24;0,0317348827687125;5,47;3,06;79,54;25,82;233,07;0,98;6,21;53,2;44,45;6,29;0,108;0,00098279;99,9693;2,015
"189";2019;2;"Skorea";"2019/2";-5,345;35,859;58,511;86,021;52,47;64;2,33;0,0343451339554515;2,17;3,67;55,91;40,23;57,23;0,72;6,84;74,7;57,82;6,87;0;0,01292866;101,9288;2,145
"190";2019;2;"Phlppn";"2019/2";12,646;55,623;192,118;79,144;67,58;666;2,52;0,0227479884935311;3,17;2,01;81,25;12,99;69,54;0,74;6,29;40,59;65,86;7,44;0,215;0,00072604;100,7369;2,339
"191";2019;3;"Shangh";"2019/3";15,792;43,816;194,771;74,472;64,74;239;1,47;0,0163876097908451;5,57;3,24;74,08;37,18;62,02;0,98;6,99;56,27;41,61;6,78;0,275;0,00139176;100,9589;2,214
"192";2019;3;"Peking";"2019/3";0,66;54,172;121,366;69,778;28,46;2407;1,73;0,053449474229651;3,68;1,25;73,88;16,53;14,54;0,94;7,58;31,48;43,05;4,7;0,056;-0,00115214;98,9169;2,168
"193";2019;3;"Japan";"2019/3";3,426;42,294;126,393;68,564;43,56;1660;0,22;0,0304888648164209;6,75;2,9;80,47;25,52;208,86;0,94;6,5;52,62;44,27;6,18;0;0,00095523;100,0959;2,227
"194";2019;3;"Skorea";"2019/3";-1,872;41,498;116,901;82,415;58,33;74;3,74;0,0342892862527013;2,1;3,54;56,65;39,02;55,51;0,69;7,61;75,01;57,91;6,64;0,091;0,01289349;101,9481;2,193
"195";2019;3;"Phlppn";"2019/3";10,679;45,256;217,466;78,813;58,09;700;3,03;0,0203620978331036;3,11;2,4;81,51;10,9;71,43;0,68;6,34;40;65,22;7,65;0;0,00075204;100,8268;2,307
"196";2019;4;"Shangh";"2019/4";21,043;76,974;233,209;69,282;56,31;345;1,39;0,017802742332831;5,94;3,19;74,45;35,54;75,73;0,9;6,08;56,63;40,23;6,54;0,219;0,00147661;100,9778;2,245
"197";2019;4;"Peking";"2019/4";5,583;43,053;160,539;76,792;24,48;2106;1,56;0,0537679051357575;2,99;1,25;73,77;16,29;12,81;0,87;7,45;32;43,97;4,18;0;-0,00120771;98,8423;2,183
"198";2019;4;"Japan";"2019/4";14;33,444;163,22;63,021;39;1769;0,22;0,0325480006683738;6,53;2,69;81,91;26,87;251,38;0,98;6,64;52,43;43,42;5,84;0,076;0,00090947;99,9449;2,293
"199";2019;4;"Skorea";"2019/4";7,653;41,643;167,304;77,534;47,54;62;2,63;0,0330598419163867;2,19;3,66;57,42;37,58;53,3;0,78;6,26;75,39;59,77;6,86;0,152;0,0129732;102,2047;2,135
"200";2019;4;"Phlppn";"2019/4";17,487;22,099;246,727;79,433;72,66;624;3,28;0,0242685953969254;3,24;2,48;81,04;9,31;62,12;0,66;7,31;39,49;65,4;7,86;0,148;0,00072382;100,914;2,305
"201";2019;5;"Shangh";"2019/5";16,922;56,483;273,564;62,45;47,29;297;1,39;0,016661324776981;5,68;3,16;75,86;36,95;68,5;0,89;5,9;57,68;39,5;6,8;0,169;0,00141151;101,0588;2,389
"202";2019;5;"Peking";"2019/5";10,133;54,232;225,951;74,125;33,43;2345;1,85;0,0555212498927067;3,47;1,25;74,5;14,63;14,54;0,96;7,6;31,69;43,92;4,49;0,121;-0,00124871;98,8333;2,166
"203";2019;5;"Japan";"2019/5";17,183;61,446;220,321;58,372;45,98;1518;0,25;0,0314252806111797;4,82;2,51;82,41;27,37;210,67;0,92;7,09;51,23;44,83;5,58;0;0,00089765;99,8132;2,443
"204";2019;5;"Skorea";"2019/5";20,68;55,048;276,154;65,137;51,88;62;2,63;0,0317659316078985;3,09;3,66;56,39;37,47;55,31;0,72;6,34;73,98;59,56;7,3;0,087;0,01296174;102,2782;2,16
"205";2019;5;"Phlppn";"2019/5";17,578;8,208;282,164;72,191;46,75;636;2,37;0,0209557760059941;3,33;2,56;81,41;9,52;61,78;0,65;6,54;39,33;65,08;8,34;0,256;0,00071314;100,8886;2,362
"206";2019;6;"Shangh";"2019/6";19,9;17,022;331,469;60,092;52,08;296;1,37;0,0164991410170456;6,47;3,08;74,53;35,97;62,98;0,98;6,42;58,8;39,9;6,52;0,286;0,00138915;100,922;2,425
"207";2019;6;"Peking";"2019/6";10,943;77,446;199,253;71,434;28,24;1995;1,51;0,0512324401275354;3,49;1,25;73,36;15,53;13,05;0,94;6,87;32,84;44,64;4,04;0,12;-0,00125813;98,8576;2,467
"208";2019;6;"Japan";"2019/6";19,931;61,144;216,925;58,546;40,77;1440;0,28;0,0288699129998527;5,71;2,48;81,91;25,7;231,62;0,89;7,03;51,25;43,42;5,3;0,009;0,00092303;99,6775;2,502
"209";2019;6;"Skorea";"2019/6";19,58;97,649;250,927;61,565;60,86;69;2,35;0,0343647901466499;2,14;3,97;54,96;37,93;55,95;0,79;6,84;72,98;58,96;6,84;0,112;0,01294961;102,205;2,219
"210";2019;6;"Phlppn";"2019/6";25,633;2,919;342,368;76,674;75,83;651;3,32;0,0227175711469117;3,18;2,32;80,46;9,35;71,07;0,73;6,73;39,86;65,73;8,25;0,158;0,0007212;100,9102;2,447
"211";2019;7;"Shangh";"2019/7";22,811;4,205;338,239;50,573;54,55;331;1,45;0,0164609514163049;6,34;3,19;73,17;35,44;69,14;0,87;7,24;58,96;40,29;6,75;0,225;0,00147592;100,7768;2,595
"212";2019;7;"Peking";"2019/7";13,884;100,729;193,953;82,461;29,65;2104;2,12;0,0565127894025068;3,76;1,25;72,88;13,97;12,79;0,9;7,23;32,59;45,67;4,04;0,265;-0,00123939;98,8181;2,765
"213";2019;7;"Japan";"2019/7";22,265;51,704;208,884;64,453;47,19;1785;0,23;0,0322552404120792;5,45;2,15;82,13;27,35;195,91;0,9;6,52;48,94;43,55;5,02;0,006;0,00097945;99,6424;2,368
"214";2019;7;"Skorea";"2019/7";27,287;75,49;288,53;67,148;38,05;64;2,91;0,0319639773851813;2,49;3,74;56,4;37,23;59,39;0,79;6,7;72,41;58,05;6,81;0;0,01297203;102,2002;2,43
"215";2019;7;"Phlppn";"2019/7";30,674;0;364,426;69,042;72,92;661;3,15;0,0220756093230402;3,03;2,76;80,36;10,95;68,5;0,64;7,41;41,65;65,78;8,53;0,113;0,00073431;100,9132;2,632
"216";2019;8;"Shangh";"2019/8";25,566;7,044;375,202;50,698;60,45;327;1,31;0,0170334263580067;4,5;3,75;73,28;35,45;65,06;0,98;7,05;57,11;39,98;6,39;0,145;0,0014238;100,8834;2,422
"217";2019;8;"Peking";"2019/8";11,708;103,154;161,836;82,761;29,09;1964;2,07;0,0545851226014265;3,58;1,25;72,4;14,14;14,77;0,94;7,24;31,68;44,95;4,07;0,081;-0,00120195;98,8608;2,666
"218";2019;8;"Japan";"2019/8";21,392;58,721;227,721;60,757;37,4;1654;0,22;0,0325932824339689;6,41;2,41;82,74;25,96;230;0,88;7,2;48,35;43,03;4,43;0,028;0,00099252;99,6314;2,393
"219";2019;8;"Skorea";"2019/8";14,895;53,345;266,779;70,262;54,07;75;2,62;0,0379812098650926;2,23;3,72;57,08;37,51;50,66;0,73;7,16;72,01;58,93;6,98;0,206;0,01296814;102,2088;2,444
"220";2019;8;"Phlppn";"2019/8";30,572;6,431;355,167;76,387;72,01;542;2,44;0,0227079481413405;3,73;2,73;80,11;10,2;64,75;0,73;5,98;42,27;66,31;8,46;0,177;0,00080698;100,7092;2,493
"221";2019;9;"Shangh";"2019/9";20,079;28,748;255,617;63,711;64,89;315;1,1;0,0176167238024366;5,87;4,21;73,95;36,78;57,64;0,81;5,41;57,61;39,65;6,12;0,264;0,00138268;100,972;2,555
"222";2019;9;"Peking";"2019/9";10,677;77,147;115,937;79,55;31,5;1950;1,62;0,0513689449918609;3,52;1,35;73,46;13,43;13,98;0,98;5,86;34,43;46,66;4,1;0,007;-0,00119001;98,8511;2,559
"223";2019;9;"Japan";"2019/9";16,626;39,603;142,058;66,795;44,11;1696;0,22;0,0311918448267218;5,6;2,36;82,71;25,64;226,43;0,92;5,64;47,88;40,99;4,37;0,082;0,00102861;99,5595;2,312
"224";2019;9;"Skorea";"2019/9";13,984;60,457;167,147;79,959;54,91;68;2,69;0,0326474841902931;2,1;3,7;58,76;37,38;58,84;0,73;6,58;72,45;58,61;7,07;0;0,01298636;102,1711;2,574
"225";2019;9;"Phlppn";"2019/9";25,359;41,232;274,511;78,22;74,09;574;2,64;0,0215111806176174;3,3;2,53;79,5;10,65;61,69;0,71;7,33;42,8;68,03;7,92;0,253;0,0008212;100,7528;2,451
"226";2019;10;"Shangh";"2019/10";17,678;78,218;237,866;69,821;59,09;290;1,25;0,0173564824419443;5,27;4,61;75,26;37,55;63,68;0,98;7,33;57,28;39,48;6,72;0,186;0,00138008;101,0179;2,62
"227";2019;10;"Peking";"2019/10";5,489;87,049;64,092;85,048;31,69;1721;1,6;0,0519186293182973;3,84;1,47;75,41;13,63;12,57;0,94;7,45;35,57;45,81;3,72;0,085;-0,0012543;99,0479;2,568
"228";2019;10;"Japan";"2019/10";11,071;35,081;100,154;68,923;32,58;1679;0,19;0,0313774058513422;6,76;2,71;82,05;24,26;203;0,88;7,2;48,35;39,6;4,06;0,302;0,00104047;99,6719;2,483
"229";2019;10;"Skorea";"2019/10";6,219;41,226;130,14;76,897;50,46;67;2,96;0,0323235784349819;2,15;3,35;58,09;36,24;54,94;0,75;6,24;72,36;59,4;6,96;0,044;0,01297928;102,0265;2,695
"230";2019;10;"Phlppn";"2019/10";20,966;86,972;233,884;78,686;79,63;775;3,08;0,0233589123636366;2,9;2,76;78,2;12,22;66,83;0,75;6,4;43,55;67,24;8,05;0,231;0,00087961;100,989;2,548
"231";2019;11;"Shangh";"2019/11";14,909;96,855;172,274;67,359;67,93;339;1,17;0,0167593255147293;6,69;4,06;75,47;36,13;65,46;0,9;6,84;58,04;41,87;6,85;0,322;0,00141968;101,0825;2,676
"232";2019;11;"Peking";"2019/11";-2,427;62,717;31,316;76,375;31,07;1628;1,33;0,0511201798552672;3,63;1,42;75,59;14,46;14,09;0,98;6,62;34,4;46,51;3,34;0,12;-0,00132301;98,9376;2,544
"233";2019;11;"Japan";"2019/11";4,136;40,808;56,735;78,999;43,37;1882;0,28;0,0312680803740412;5,2;2,6;79,29;25,53;216,09;0,9;6,41;49,7;41,85;4,59;0,203;0,00098461;99,6361;2,516
"234";2019;11;"Skorea";"2019/11";0,626;43,696;51,885;75,099;42,07;70;3,48;0,0349441729319212;2,13;3,23;57,7;38,98;55,41;0,71;6,54;72,49;59,63;7,29;0;0,01297422;102,0838;2,642
"235";2019;11;"Phlppn";"2019/11";21,545;86,7;201,264;74,568;84,2;680;2,36;0,0228702053869608;3,46;2,63;78,61;12,17;70,28;0,66;6,31;43,37;68,62;7,72;0;0,00095313;100,9987;2,666
"236";2019;12;"Shangh";"2019/12";11,325;124,231;138,591;76,086;52,01;323;1,31;0,0166828920303382;6,34;4,13;74,25;34,45;64,79;0,93;6,76;57,26;43,39;6,67;0,308;0,00144363;101,2058;2,637
"237";2019;12;"Peking";"2019/12";-1,934;81,872;10,424;83,668;29,28;1975;1,82;0,0520988601959279;3,53;1,25;75,37;13,79;15,11;0,89;7,08;34,59;46,58;3,6;0,128;-0,00132588;99,0977;2,539
"238";2019;12;"Japan";"2019/12";-0,087;57,98;36,819;99,653;48,15;1850;0,25;0,0310042608622744;5,24;2,66;81,23;27,34;212,24;0,92;6,9;49,37;40,46;4,07;0,196;0,00096543;99,843;2,581
"239";2019;12;"Skorea";"2019/12";-7,681;43,293;28,789;91,507;44,52;69;2,5;0,0353867850608492;2,31;3,26;57,41;40,3;58,79;0,69;6,86;72,21;59,65;7,44;0,021;0,013038;102,1528;2,608
"240";2019;12;"Phlppn";"2019/12";12,836;107,291;151,363;79,301;71,62;711;2,55;0,0231075263222834;3,17;2,68;76,63;12,27;63,97;0,68;6,58;43,32;68,27;7,43;0,079;0,00091721;100,945;2,707
"241";2020;1;"Shangh";"2020/1";11,384;88,71;137,332;78,923;62,43;304;1,42;0,0153773099496373;6,33;4,17;75,39;33,37;64,27;0,85;6,4;55,23;42,26;7,38;0,15;0,00144625;101,1772;2,615
"242";2020;1;"Peking";"2020/1";1,125;75,659;22,862;72,736;35,31;2129;1,7;0,0576847098417958;3,81;1,34;75,55;13,73;13,13;0,98;7,03;32,63;46,69;3,69;0,108;-0,00137955;99,0553;2,447
"243";2020;1;"Japan";"2020/1";-4,691;41,444;47,805;81,918;53,85;1677;0,26;0,0291521873986017;5,91;2,65;80,62;26,48;242,33;0,97;6,95;48,11;39,79;3,85;0,027;0,00095904;99,9923;2,645
"244";2020;1;"Skorea";"2020/1";0,017;34,65;42,686;86,876;51,98;69;2,81;0,0321499029317586;2,22;3,48;57,46;40,14;56,62;0,77;6,04;72,5;57,46;7,89;0,164;0,01305906;102,0591;2,705
"245";2020;1;"Phlppn";"2020/1";11,591;90,185;165,722;80,306;58,64;829;2,43;0,0220247241221768;3,28;2,56;76,78;12,52;65,92;0,75;7,15;43,01;68,7;7,59;0,227;0,00093726;101,1419;2,672
"246";2020;2;"Shangh";"2020/2";13,544;70,442;153,762;78,022;51,46;297;1,21;0,0168987975627141;5,02;4,05;76,27;34,08;67,27;0,89;6,47;56,12;40,17;7,59;0;0,00142139;101,1808;2,637
"247";2020;2;"Peking";"2020/2";0,754;53,977;68,192;72,107;30,01;2144;1,61;0,0552757698843028;3,27;1,53;74,37;13,22;13,88;0,89;6,73;33,78;46,9;3,33;0,101;-0,00138986;99,0463;2,448
"248";2020;2;"Japan";"2020/2";-0,6;25,154;76,553;69,597;45,81;1865;0,25;0,0335874819634502;5,8;2,49;80,47;26,25;212,33;0,93;6,57;47,69;40,06;3,84;0,162;0,00097548;100,0719;2,755
"249";2020;2;"Skorea";"2020/2";-0,771;39,039;62,654;78,439;48,5;60;2,98;0,0355301497268198;2,13;3,62;56,9;38,91;51,54;0,7;6,29;72,15;55,86;7,81;0,035;0,01298607;101,8685;2,695
"250";2020;2;"Phlppn";"2020/2";13,567;65,508;172,146;76,801;76,33;629;3,04;0,0223924535715355;3,39;2,66;76,02;11,27;66,72;0,69;6,14;43,82;67,66;7,55;0,059;0,00093042;101,1504;2,556
"251";2020;3;"Shangh";"2020/3";15,891;55,324;177,932;75,298;62,82;259;1,34;0,0170047638362746;5,76;3,89;77,52;34,28;67,21;0,77;6,65;56,84;40,51;7,53;0,188;0,00145356;101,0264;2,648
"252";2020;3;"Peking";"2020/3";-3,56;51,043;116,975;71,109;32,99;1984;1,71;0,0498168446180945;3,95;1,53;75,23;13,97;15,67;0,98;7,39;31,87;47,9;3,09;0,117;-0,00137745;99,1534;2,41
"253";2020;3;"Japan";"2020/3";8,887;35,52;109,937;70,659;42,37;2085;0,25;0,0315961586736451;5,85;2,2;81,2;26,14;205,01;0,98;5,84;48,28;41,13;4,02;0,257;0,00101109;100,1172;2,677
"254";2020;3;"Skorea";"2020/3";2,467;42,061;116,976;73,938;46,04;55;3,03;0,0366870303763911;2,19;3,42;56,43;40;53,55;0,76;6,39;74,45;57,84;8,19;0,025;0,01298864;101,9489;2,597
"255";2020;3;"Phlppn";"2020/3";12,341;40,68;213,682;74,711;75,38;598;2,6;0,0251604633310622;2,64;2,63;77,37;11,08;70,09;0,66;7,27;42,9;67,7;7,49;0,051;0,00082471;101,0287;2,53
"256";2020;4;"Shangh";"2020/4";9,362;67,785;225,848;70,975;53,18;310;1,13;0,0169203318098168;6,52;3,74;76,8;34,83;75,3;0,9;5,98;58,52;40,88;7,51;0,256;0,00143565;100,9201;2,64
"257";2020;4;"Peking";"2020/4";8,806;39,956;154,985;83,854;31,81;1894;1,79;0,0551589254976471;3,72;1,53;75,66;13,21;13,8;0,96;6,85;32,66;48,36;3,23;0,049;-0,00147064;99,1594;2,445
"258";2020;4;"Japan";"2020/4";9,648;41,87;175,64;63,151;43,23;1675;0,22;0,0304611873311511;5,99;1,99;80,61;26,05;218,96;0,91;5,75;48,16;42,33;3,98;0,022;0,00108264;100,1188;2,596
"259";2020;4;"Skorea";"2020/4";5,142;43,151;175,962;71,833;55,25;68;3,06;0,0345696418935605;2,1;3,33;55,83;38,93;56,15;0,78;6,89;74,63;56,63;8,27;0,103;0,01303526;102,0185;2,499
"260";2020;4;"Phlppn";"2020/4";22,624;21,65;273,82;83,108;53,38;716;2,44;0,0229138948754735;3,4;2,89;77,88;11,48;65,18;0,7;7,06;44,28;67,53;7,73;0,038;0,0007299;101,0493;2,559
"261";2020;5;"Shangh";"2020/5";17,211;44,379;287,75;57,753;47,29;278;1,38;0,0164933418802843;6,69;3,54;77,45;34,6;67,67;0,98;6,87;58,22;41,28;7,47;0,216;0,00146521;100,9084;2,638
"262";2020;5;"Peking";"2020/5";7,607;46,34;235,809;82,876;31,25;2411;1,48;0,0529993472705582;3,56;1,84;76,78;12,29;12,64;0,98;7,67;33,44;48,5;3,32;0;-0,00142686;99,2055;2,649
"263";2020;5;"Japan";"2020/5";14,603;57,163;204,487;60,163;46,78;1743;0,16;0,0309005331594617;6,8;1,76;80,23;24,79;212,18;0,96;6,66;49,03;42,93;3,64;0,224;0,00112683;100,0388;2,569
"264";2020;5;"Skorea";"2020/5";14,844;57,369;250,096;65,867;48,29;61;3,44;0,0335795285280269;2,55;3,46;55,35;37,49;55,33;0,8;7,52;75,42;56,21;8,8;0;0,01305608;101,9635;2,413
"265";2020;5;"Phlppn";"2020/5";19,318;8,098;344,675;73,351;63,18;719;3,05;0,0211496402298398;3,04;2,85;78,2;12,1;70,66;0,66;6,64;44,46;68,06;7,85;0,254;0,00071537;101,01;2,619
"266";2020;6;"Shangh";"2020/6";22,045;18,06;307,363;55,759;50,77;351;1,26;0,0171543704379162;6,03;3,26;76,73;34,03;66,92;0,98;6,61;57,4;39,38;7,63;0,166;0,00145122;100,8987;2,517
"267";2020;6;"Peking";"2020/6";13,324;75,074;189,216;79,198;22;2179;1,68;0,0509556157632421;3,8;1,78;75,86;11,72;13,38;0,92;7,28;31,7;47,71;3,3;0;-0,00146086;99,3673;2,562
"268";2020;6;"Japan";"2020/6";17,034;65,484;213,695;64,2;40,99;2087;0,19;0,0311253633983909;5,93;2,2;80,81;23,69;213,74;0,97;6,01;49,04;44,84;3,62;0,123;0,00113151;100,113;2,568
"269";2020;6;"Skorea";"2020/6";24,083;82,107;290,339;63,177;46,2;65;3,3;0,03348443142403;2,1;3,33;55,43;38,18;57,95;0,8;7,35;74,82;56,29;8,44;0;0,01306891;102,0295;2,479
"270";2020;6;"Phlppn";"2020/6";28,235;2,979;366,573;73,422;75,6;695;2,44;0,0198465845500672;3,01;2,98;76,54;11,86;60,36;0,67;7,19;43,27;68,08;7,61;0,153;0,00068786;100,957;2,497
"271";2020;7;"Shangh";"2020/7";23,271;4,285;357,599;50,076;54,23;319;1,37;0,0183001172781516;6,75;3,39;76,98;34,47;69,7;0,85;6,55;55,62;40,31;6,76;0,122;0,00140863;100,8576;2,486
"272";2020;7;"Peking";"2020/7";13,764;98,225;172,115;75,129;29,54;2093;1,75;0,054458346120824;3,43;1,53;75,79;11,49;14,04;0,95;7,18;33,23;47,2;3,07;0,083;-0,00143207;99,2276;2,547
"273";2020;7;"Japan";"2020/7";21,503;49,481;201,634;60,108;41,83;1828;0,19;0,030100031795948;6,8;2,39;79,44;25,12;229,47;0,95;5,72;50,06;44,45;3,33;0,171;0,00110215;100,1846;2,447
"274";2020;7;"Skorea";"2020/7";16,426;79,207;309,852;68,224;41,07;68;3,7;0,0373475512351595;2,15;3,6;55,58;38,62;53,15;0,76;7,28;75,28;57,39;8,57;0,007;0,01306486;102,2386;2,514
"275";2020;7;"Phlppn";"2020/7";25,285;0;376,214;66,79;61,91;605;2,48;0,0233763992337995;3,01;3,1;77,64;11,98;64,7;0,69;6,58;42,65;68,26;7,5;0;0,00073028;100,836;2,44
"276";2020;8;"Shangh";"2020/8";23,911;5,289;344,058;56,58;60,36;356;1,41;0,0163247440676976;6,44;3,27;78,86;34,72;67,73;0,88;6,17;56,52;40,03;6,82;0,163;0,00139753;100,977;2,508
"277";2020;8;"Peking";"2020/8";12,777;80,399;190,741;86,234;22,95;1772;1,43;0,0562666670359225;3,96;1,77;75,13;11,86;14,01;0,98;7,33;34,02;47,24;2,46;0,24;-0,00140386;99,3105;2,602
"278";2020;8;"Japan";"2020/8";18,803;60,315;228,01;53,688;43,39;1894;0,22;0,0288711979731133;6,49;2,2;77,05;23,65;205,2;0,98;6,19;50,5;42,14;3,57;0,1;0,00108858;100,177;2,392
"279";2020;8;"Skorea";"2020/8";22,482;65,186;234,196;68,656;53,74;50;2,49;0,0326155452684401;2,39;3,85;55,84;39,2;49,63;0,66;7,1;75,78;57,58;8,85;0,184;0,01313741;102,1233;2,38
"280";2020;8;"Phlppn";"2020/8";28,745;6,177;351,758;71,385;60,02;643;2,89;0,0218440846123658;2,95;3,19;76,69;11,94;64,19;0,7;7,11;40,9;67,04;7,4;0,035;0,00073929;100,6561;2,379
"281";2020;9;"Shangh";"2020/9";21,163;28,669;262,353;59,953;71,52;348;1,24;0,0164541361909801;6,59;2,93;77,98;33,97;59,77;0,92;6,66;56,5;38,94;6,92;0,296;0,00150478;100,7687;2,473
"282";2020;9;"Peking";"2020/9";12,42;85,324;110,001;77,897;26,12;2242;1,5;0,0539435169955759;4,1;2,44;73,44;11,15;15,43;0,98;8,31;34,09;46,02;2,95;0,052;-0,00142259;99,2306;2,531
"283";2020;9;"Japan";"2020/9";12,792;40,471;166,465;65,669;41,77;2090;0,21;0,0341875241059214;6,07;1,96;76,94;24,93;248,97;0,98;5,77;53,2;43,15;4,08;0,045;0,00107697;100,1403;2,59
"284";2020;9;"Skorea";"2020/9";10,912;57,427;186,592;74,669;49,04;63;3,34;0,032370188606187;2,2;3,92;55,79;38,31;58,5;0,73;7,18;76,15;57,41;8,68;0,098;0,01312075;102,0351;2,414
"285";2020;9;"Phlppn";"2020/9";21,6;38,033;272,671;75,011;58,4;644;2,51;0,0224358644504391;2,78;3,17;74,81;12,65;65,11;0,67;6,26;43,68;65,82;7,38;0;0,0007407;100,6796;2,544
"286";2020;10;"Shangh";"2020/10";14,785;89,266;230,619;70,403;50,84;274;1,39;0,0169814588591324;6,71;2,71;78,59;35,43;62,15;0,76;6,68;57,45;39,72;7,02;0,178;0,00155413;100,6894;2,62
"287";2020;10;"Peking";"2020/10";7,549;82,835;63,546;82,742;29,46;1805;1,67;0,0523964384350461;3,16;2,51;72,25;11,47;12,08;0,95;7,46;35,83;44,05;2,79;0,09;-0,00151251;99,4354;2,568
"288";2020;10;"Japan";"2020/10";9,006;34,875;121,901;75,977;43,98;1668;0,28;0,030285547307556;6,01;2,18;78,34;23,53;221,71;0,89;6,26;52,7;42,27;4,37;0;0,00105849;100,012;2,473
"289";2020;10;"Skorea";"2020/10";11,639;39,974;122,714;81,23;41,96;64;4,19;0,0359679948287622;2,4;3,66;56,34;38,74;59,26;0,72;6,38;75,49;56,92;8,68;0,115;0,01308948;101,8876;2,613
"290";2020;10;"Phlppn";"2020/10";22,701;100,253;230,228;75,439;68,03;598;2,11;0,0224141092695178;3,27;3,07;74,49;11,76;70,87;0,73;7,08;44,18;64,91;7,02;0,051;0,00071589;100,6517;2,53
"291";2020;11;"Shangh";"2020/11";11,659;105,604;160,168;79,047;60,99;342;0,98;0,0178895605535734;6,08;2,72;77,94;35,38;65,92;0,8;6,39;58,11;39,38;6,57;0,215;0,00152289;100,6898;2,718
"292";2020;11;"Peking";"2020/11";-3,683;69,185;31,143;73,036;27,09;1792;1,86;0,0529061523555021;4,05;2,54;72,3;11,4;13,48;0,89;6,95;38,22;44,88;3,13;0,143;-0,00150346;99,4893;2,624
"293";2020;11;"Japan";"2020/11";6,512;47,65;56,395;86,195;41,49;1749;0,21;0,0287687625562752;5,48;2,37;79,3;22,72;214,14;0,98;6,94;51,38;41,4;4,06;0,138;0,00099275;100,2032;2,517
"294";2020;11;"Skorea";"2020/11";3,112;44,073;53,091;86,676;40,76;65;3,23;0,03443366810497;2,46;3,74;57,06;40,08;58,17;0,73;6,88;75,47;57,69;8,6;0,034;0,01315555;101,9247;2,719
"295";2020;11;"Phlppn";"2020/11";19,164;75,443;200,11;81,129;67,68;676;2,04;0,0211348133984854;2,95;3,02;74,72;13,05;60,32;0,72;6,6;44,41;65,56;6,96;0,008;0,00070378;100,6806;2,652
"296";2020;12;"Shangh";"2020/12";14,264;123,163;137,858;78,886;57,59;334;1,32;0,0166026784560989;5,78;3,06;78,46;35,98;68,94;0,85;6,03;57,45;37,85;6,39;0,204;0,00160202;100,7581;2,686
"297";2020;12;"Peking";"2020/12";-2,563;73,088;8,378;84,719;31,25;1934;1,62;0,049212663670838;2,97;2,32;72,7;9,96;13,87;0,97;7,83;38,02;44,36;3,09;0,08;-0,00149991;99,4255;2,54
"298";2020;12;"Japan";"2020/12";3,693;54,713;37,077;89,198;44;1499;0,23;0,0311563545673467;6,46;2,4;79,9;23,08;188,73;0,85;6,88;53,88;39,87;4,57;0,13;0,00101034;100,229;2,624
"299";2020;12;"Skorea";"2020/12";-1,454;48,074;30,29;81,032;49,33;66;3,08;0,0363246140753103;2,6;3,76;57,28;41,03;53,33;0,8;6,22;76,47;57,35;8,19;0,215;0,01311483;101,8913;2,778
"300";2020;12;"Phlppn";"2020/12";11,572;99,676;161,754;81,285;69,73;778;3,01;0,0222374891278427;3,08;2,92;76,55;12,62;70,81;0,71;6,77;45,01;65,93;6,39;0;0,00075108;100,5169;2,674
"301";2021;1;"Shangh";"2021/1";10,436;91,29;136,065;73,687;65,07;306;1,51;0,0173099559785555;5,89;3,21;79,12;36,9;67,75;0,88;6,97;56,53;36,81;5,58;0,212;0,00159822;100,9086;2,645
"302";2021;1;"Peking";"2021/1";-0,962;82,14;17,485;79,524;27,55;2033;1,96;0,0517236857806633;3,12;2,11;72,1;9,44;14,12;0,98;7,37;38,8;44,1;2,96;0,094;-0,00150381;99,3524;2,632
"303";2021;1;"Japan";"2021/1";0,276;42,101;46,634;81,226;46,29;1904;0,22;0,032356046388841;5,88;2,34;80,81;23,38;205,52;0,89;6,53;52,01;41,06;4,45;0,235;0,00093162;100,2573;2,52
"304";2021;1;"Skorea";"2021/1";-5,438;35,748;35,454;89,008;55,7;70;2,7;0,0332053217721958;2,43;3,66;58,96;40,54;56,53;0,79;6,75;75,81;59,38;7,76;0,19;0,01313023;101,9975;2,715
"305";2021;1;"Phlppn";"2021/1";13,262;87,025;189,679;77,741;77,16;612;2,05;0,0207281091114942;2,54;3,05;77,78;12,4;59,28;0,64;7,41;46,6;67,43;6,56;0,009;0,00067095;100,4201;2,729
"306";2021;2;"Shangh";"2021/2";14,564;84,579;151,841;85,398;56,65;269;1,46;0,0164079518850578;5,32;3,3;81,26;35,85;67,03;0,9;6,61;58,6;35,84;5,47;0,152;0,00150487;100,9724;2,59
"307";2021;2;"Peking";"2021/2";-0,632;59,272;61,207;78,863;33,38;2244;1,51;0,0578393955518852;3,48;2,17;71,6;9,48;15,13;0,98;7,6;39,43;45,19;3,33;0,008;-0,00159903;99,3647;2,645
"308";2021;2;"Japan";"2021/2";-3,053;30,392;73,226;78,136;37,91;1886;0,23;0,0307036846172901;5,94;2,17;81,52;23,5;207,8;0,97;6,46;52,42;41,63;4,2;0,281;0,00098294;100,0911;2,64
"309";2021;2;"Skorea";"2021/2";0,934;40,618;60,808;83,98;55,55;61;2,77;0,0349627477001898;2,1;3,7;57,1;40,9;57,52;0,74;6,59;74,18;58,69;8,23;0;0,01320338;102,0512;2,843
"310";2021;2;"Phlppn";"2021/2";14,836;59,179;155,203;84,259;72,08;663;2,52;0,0220593480119188;3,34;2,97;79,51;11,88;62,4;0,69;6,59;46;65,87;6,8;0,017;0,00073688;100,2941;2,811
"311";2021;3;"Shangh";"2021/3";10,766;44,616;213,195;67,639;54,88;299;1,4;0,0157072660802352;6,8;3,24;81,43;36,87;66,47;0,87;6,92;59,31;37,64;5,47;0,223;0,00152685;101,0161;2,617
"312";2021;3;"Peking";"2021/3";1,582;58,706;120,494;76,719;27,64;2369;1,47;0,0496513604727294;3,62;1,96;71,6;7,94;12,67;0,84;6,74;40,84;44,59;3,39;0,147;-0,00150272;99,3896;2,705
"313";2021;3;"Japan";"2021/3";2,034;40,222;147,554;66,128;46,8;1628;0,28;0,0289220189012374;6,02;2,15;81,31;24,72;219,27;0,86;5,87;52,63;40,18;4,14;0,231;0,00103772;100,2951;2,559
"314";2021;3;"Skorea";"2021/3";3,594;38,234;101,788;78,645;56,81;64;3,3;0,0338748326943081;2,1;3,81;56,46;41,35;53,7;0,72;7,08;75,24;56,31;7,44;0;0,0131697;101,9668;2,608
"315";2021;3;"Phlppn";"2021/3";13,502;42,882;221,42;74,08;62,53;611;2,53;0,0210748637989352;3,39;2,85;78,9;13,15;74,34;0,75;6,74;46,94;65,47;6,61;0,149;0,00072899;100,3113;2,727
"316";2021;4;"Shangh";"2021/4";15,778;70,208;234,66;72,303;72,17;283;1,27;0,0158291409520524;6,8;3,43;81,42;37,12;68,55;0,82;5,76;59,22;38,72;6,14;0,032;0,00146139;100,7777;2,721
"317";2021;4;"Peking";"2021/4";4,007;40,763;145,868;75,798;28,03;2055;1,57;0,0572301068972011;3,26;2,09;71,48;6,63;16,1;0,83;7,12;41,28;44,02;3,27;0,146;-0,00146944;99,3061;2,738
"318";2021;4;"Japan";"2021/4";7,423;29,643;168,652;61,198;36,56;1720;0,27;0,0293284127013677;5,52;2,01;80,92;24,34;204,62;0,97;6,53;54,13;39,61;4,7;0,11;0,00105565;100,2099;2,59
"319";2021;4;"Skorea";"2021/4";8,039;44,865;142,038;63,496;60,56;66;2,29;0,0361191572210813;2,1;4,23;55,97;43,5;55,35;0,78;6,63;74,68;57,43;7,35;0;0,01317134;101,9117;2,583
"320";2021;4;"Phlppn";"2021/4";16,519;19,831;267,93;78,247;75,02;643;3,01;0,0233026444551715;3;3,18;78,92;15,03;60,98;0,65;6,78;47,73;66,8;6,34;0,08;0,00068195;100,3438;2,781
"321";2021;5;"Shangh";"2021/5";20,718;55,227;260,34;61,34;52,13;257;0,98;0,0163728531576432;6,8;3,14;80,49;37,65;56,24;0,96;6,24;58,9;38,73;5,94;0,043;0,00147893;100,7484;2,637
"322";2021;5;"Peking";"2021/5";13,924;59,761;201,402;75,739;28,17;2069;1,31;0,0528186730078292;3,89;1,94;70,13;5,06;12,58;0,91;7,25;40,93;45,88;3,39;0;-0,00137803;99,1667;2,835
"323";2021;5;"Japan";"2021/5";13,847;52,72;210,901;59,297;57,77;1781;0,26;0,0323813148067348;6,29;1,87;79,14;24,22;240,01;0,98;5,37;51,94;39,13;4,67;0,18;0,00102247;100,2072;2,466
"324";2021;5;"Skorea";"2021/5";18,636;62,011;277,205;62,255;55,39;67;3,28;0,0349647424022988;2,1;3,83;57,42;45,68;58,41;0,69;6,26;74,97;59,22;6,97;0;0,01320994;101,7508;2,664
"325";2021;5;"Phlppn";"2021/5";17,688;7,762;277,919;76,156;68,95;750;2,66;0,0236163456987977;3,48;3,31;77,18;13,62;65,14;0,72;7,01;47,77;66,36;6,23;0;0,00073096;100,3718;2,563
"326";2021;6;"Shangh";"2021/6";18,6;17,218;306,763;61,085;64,48;286;1,16;0,0174665472062976;6,12;3,12;80,27;37,13;58,12;0,86;6,45;59,81;40,29;6;0,153;0,00147485;100,8745;2,539
"327";2021;6;"Peking";"2021/6";14,867;71,943;204,499;75,163;26,65;1810;1,35;0,0512252476020591;3,22;2,14;69,45;5,13;13,58;0,98;6,97;39,86;45,5;3,72;0,083;-0,00134721;99,088;2,797
"328";2021;6;"Japan";"2021/6";16,45;75,484;239,676;57,449;54,42;1706;0,23;0,0293068351366538;5,46;2,13;79,41;24,16;210,84;0,84;6,61;51,53;38,44;5,42;0,084;0,00107672;100,222;2,544
"329";2021;6;"Skorea";"2021/6";22,239;81,337;230,83;67,142;50,9;61;2,91;0,0345909057937577;2,67;3,74;59,71;47,08;52,84;0,83;7,98;75,1;58,56;6,85;0;0,01323546;101,831;2,724
"330";2021;6;"Phlppn";"2021/6";23,906;2,377;323,581;69,165;57,57;749;2,48;0,0204232507633905;3,3;3,07;78,42;13,24;71,22;0,64;6,48;47,51;66,67;6,8;0,062;0,00085405;100,3472;2,555
"331";2021;7;"Shangh";"2021/7";21,627;4,523;356,447;51,115;68,07;351;1,48;0,018011508441428;6,8;3,35;81,41;36,55;67,7;0,98;6,4;59,57;39,76;5,82;0;0,00149356;100,9451;2,761
"332";2021;7;"Peking";"2021/7";13,044;106,501;166,309;77,487;34,38;1891;1,4;0,0569919427746053;3,54;2,35;71,01;5;14,16;0,87;7,21;40,98;44,82;3,93;0;-0,0012768;98,908;2,66
"333";2021;7;"Japan";"2021/7";18,023;59,826;221,224;65,034;44,33;1594;0,25;0,0342024701964854;6,59;2,25;79,91;23,88;214,25;0,93;5,82;53,44;38,86;5,69;0;0,00106116;100,2221;2,489
"334";2021;7;"Skorea";"2021/7";20,936;68,585;293,9;63,374;39,74;70;2,78;0,0338961146316647;2,81;3,79;59,87;47,98;56,28;0,79;6,64;75,68;60,15;6,93;0,02;0,01319442;101,9263;2,598
"335";2021;7;"Phlppn";"2021/7";27,066;0;386,545;67,115;54,97;611;2,06;0,0236045261545835;3,15;2,96;78,45;13,67;70,95;0,71;6,21;49,26;67,33;6,75;0,04;0,0009047;100,2824;2,48
"336";2021;8;"Shangh";"2021/8";23,301;5,874;351,37;54,429;54,59;348;1,41;0,016794502538761;6,19;3,41;80,27;37,12;67,23;0,85;7,13;60,3;40,48;5,85;0,157;0,0014653;100,9791;2,795
"337";2021;8;"Peking";"2021/8";13,956;80,296;180,963;84,895;26,05;1901;1,69;0,0500159669204802;3,39;2,48;70,23;5,99;14,49;0,98;7,31;40,19;44,1;3,74;0,097;-0,00126172;98,9895;2,52
"338";2021;8;"Japan";"2021/8";24,935;60,077;207,824;61,574;39,77;1893;0,24;0,0283606711989519;6,36;2,05;79,76;23,81;212,29;0,94;6,34;52,89;39,95;6;0;0,00109049;100,1733;2,592
"339";2021;8;"Skorea";"2021/8";24,207;56,011;209,891;73,182;43,67;76;3,85;0,0335913150217472;2,32;3,63;60,87;47,58;46,41;0,8;7,09;76,08;60,18;7,36;0,155;0,01320832;101,9819;2,568
"340";2021;8;"Phlppn";"2021/8";22,751;7,354;352,968;68,619;56,69;651;2,83;0,0225748995630467;2,35;2,73;77,43;13,82;74,37;0,59;6,82;49,25;67,72;6,27;0;0,00085317;100,1518;2,495
"341";2021;9;"Shangh";"2021/9";20,132;27,618;256,705;57,818;62,54;297;1,42;0,0179965122715296;6,66;3,52;80,42;36,1;61,6;0,9;6,58;60,61;40,79;5,76;0,37;0,0014008;101,0095;2,788
"342";2021;9;"Peking";"2021/9";18,533;95,885;97,523;79,873;38,07;2011;1,86;0,0560433018902693;4,18;2,68;70,83;5;13,14;0,96;7,05;41,67;44,11;3,78;0,154;-0,0013164;98,9467;2,489
"343";2021;9;"Japan";"2021/9";17,071;48,484;145,208;67,525;46,66;1747;0,27;0,0303346605659037;6,8;2,11;79,12;23,25;206,08;0,97;5,85;51,31;40,27;5,62;0,08;0,00112193;100,1977;2,673
"344";2021;9;"Skorea";"2021/9";9,791;70,548;197,631;70,11;51,55;58;2,42;0,0335356578897861;2,4;3,3;62,16;48,72;49,54;0,68;7,02;75,81;60,72;7,45;0;0,01312381;101,9416;2,439
"345";2021;9;"Phlppn";"2021/9";28,045;38,883;291,524;78,278;79,4;584;3,01;0,0220150544374484;2,54;2,87;77,97;13,38;65,46;0,68;6,28;49,95;67,71;6,39;0;0,00080811;100,0557;2,604
"346";2021;10;"Shangh";"2021/10";19,62;63,703;217,923;67,635;69,06;371;1,28;0,0160459679557046;6,8;3,22;78,25;33,2;72,79;0,85;6,54;62,32;42,35;5,98;0,201;0,0014503;100,9441;2,748
"347";2021;10;"Peking";"2021/10";7,743;69,7;64,576;83,992;20,17;1735;1,89;0,0567245258619601;3,36;2,56;70,06;5;13,55;0,98;7,56;41,02;44,37;3,59;0,042;-0,00129362;99,0754;2,703
"348";2021;10;"Japan";"2021/10";14,512;32,702;110,359;65,211;46,77;1645;0,16;0,0346759380025364;5,62;1,78;80,99;22,26;239,34;0,94;6,06;53,59;39,82;5,18;0,156;0,00118749;100,1456;2,581
"349";2021;10;"Skorea";"2021/10";6,373;43,227;128,439;81,858;47,4;59;2,69;0,0337547851869552;2,2;3,37;60,72;48,22;54,75;0,7;6,82;76,37;61,34;6,88;0,034;0,01315191;101,9637;2,64
"350";2021;10;"Phlppn";"2021/10";21,923;87,475;230,111;89,047;80,61;735;2,4;0,0219145189883492;3,14;2,75;79,88;12,76;70,03;0,74;6,32;50,44;66,69;6,65;0;0,00083447;99,8899;2,754
"351";2021;11;"Shangh";"2021/11";12,807;113,613;163,062;82,666;72,77;352;1,16;0,0159166839902005;6,8;2,79;78,06;34,14;68,39;0,92;6,53;63,25;42,23;5,68;0,016;0,00136411;101,0232;2,793
"352";2021;11;"Peking";"2021/11";5,094;60,734;31,946;78,251;31,88;2110;1,67;0,0546267798667048;3,24;2,39;71,25;5;14,57;0,96;7,25;41,06;42,82;3,72;0;-0,00132191;99,1225;2,654
"353";2021;11;"Japan";"2021/11";1,085;36,774;49,346;80,17;46,94;1884;0,21;0,0347992596276193;6,8;1,76;82,21;21,98;230,42;0,92;6,21;53,07;39,12;4,88;0,14;0,0011268;100,2332;2,532
"354";2021;11;"Skorea";"2021/11";1,064;46,617;50,349;80,074;58,55;71;2,58;0,0342598888273925;2,15;2,89;60,91;46,68;62,4;0,67;6,78;73,99;62,61;7,62;0,118;0,01315913;101,8938;2,821
"355";2021;11;"Phlppn";"2021/11";19,287;81,378;176,416;75,397;54,93;544;2,92;0,024065084328482;3,04;2,79;80,88;12,77;66,51;0,68;6,68;51,61;66,85;7,02;0,118;0,00081199;99,9771;2,735
"356";2021;12;"Shangh";"2021/12";10,717;141,754;137,985;80,12;63,69;319;1,36;0,0176870894122359;6,8;2,87;77,45;34,54;64,13;0,94;6,28;62,49;42,83;5,78;0,15;0,0013676;100,9722;2,856
"357";2021;12;"Peking";"2021/12";1,434;92,112;9,199;78,057;28,6;2025;1,92;0,0511455181492823;3,57;2,53;71,47;5,67;14,87;0,98;7,14;41,02;42,06;3,99;0,082;-0,00140027;99,2471;2,699
"358";2021;12;"Japan";"2021/12";2,533;46,908;33,41;86,386;43,55;1633;0,22;0,0314787319146244;5,38;1,89;84,07;20,81;235,49;0,91;6,56;53,13;39,18;5,49;0,163;0,00106059;100,0891;2,672
"359";2021;12;"Skorea";"2021/12";-2,059;48,884;31,864;81,62;45,38;62;2,97;0,0322389319144537;2,65;3,18;61,67;43,74;51,7;0,79;7,54;73,72;60,81;7,77;0;0,01320449;101,9409;2,863
"360";2021;12;"Phlppn";"2021/12";16,72;106,883;158,372;74,906;49,52;634;2,33;0,0217877872335505;2,97;3,03;81,42;12,67;74,84;0,68;5,94;51,21;64,88;7,42;0;0,00082554;100,0333;2,729
